{"cameraMode":{"drawMode":0,"name":"Shaded","section":"Shading Mode"},"sceneLighting":true,"audioPlay":false,"sceneViewState":{"m_AlwaysRefresh":false,"showFog":true,"showSkybox":true,"showFlares":true,"showImageEffects":true,"showParticleSystems":true,"showVisualEffectGraphs":true,"m_FxEnabled":true},"in2DMode":false,"pivot":{"x":-173.9717254638672,"y":-266.16082763671877,"z":930.9286499023438},"rotation":{"x":0.13579320907592774,"y":-0.09200184047222138,"z":0.012667299248278141,"w":0.9863675236701965},"size":496.5306396484375,"orthographic":false}